,P_resname,Part2,F,Polarity
0,ALA,GL,2246.22151393,nonpolar
1,ALA,Head,4298.55279133,nonpolar
2,ALA,Tail,4698.78275331,nonpolar
3,ARG,GL,8529.84618087,basic polar
4,ARG,Head,21734.3062272,basic polar
5,ARG,Tail,5861.89626809,basic polar
6,ASN,GL,3801.60699311,polar
7,ASN,Head,8510.46465253,polar
8,ASP,GL,1014.60272353,acidic polar
9,ASP,Head,6612.6511812,acidic polar
10,ASP,Tail,777.261827972,acidic polar
11,CYS,GL,735.6811286,nonpolar
12,CYS,Tail,5170.45565298,nonpolar
13,GLN,GL,2088.5985072,polar
14,GLN,Head,6208.70138908,polar
15,GLN,Tail,9154.31660941,polar
16,GLU,GL,3548.52238111,acidic polar
17,GLU,Head,11301.5221251,acidic polar
18,GLU,Tail,4029.27598587,acidic polar
19,GLY,GL,2204.29276973,nonpolar
20,GLY,Head,4126.09558757,nonpolar
21,GLY,Tail,2575.98718386,nonpolar
22,ILE,GL,2248.3520215,nonpolar
23,ILE,Head,4639.07336254,nonpolar
24,ILE,Tail,7664.76950408,nonpolar
25,LEU,GL,2734.7265254,nonpolar
26,LEU,Head,4076.21103048,nonpolar
27,LEU,Tail,7323.14721287,nonpolar
28,LYS,GL,3705.50338724,basic polar
29,LYS,Head,9095.0205904,basic polar
30,LYS,Tail,6917.93022641,basic polar
31,MET,GL,222.824103944,nonpolar
32,MET,Head,696.336840294,nonpolar
33,MET,Tail,454.581214168,nonpolar
34,PHE,GL,1572.44045264,nonpolar
35,PHE,Head,3339.91965563,nonpolar
36,PHE,Tail,6462.24706009,nonpolar
37,PRO,GL,487.010933405,nonpolar
38,PRO,Head,2133.30241689,nonpolar
39,PRO,Tail,6302.23334077,nonpolar
40,SER,GL,1656.87527164,polar
41,SER,Head,5746.10495927,polar
42,SER,Tail,6048.15840535,polar
43,THR,GL,2725.17572496,polar
44,THR,Head,7859.07773753,polar
45,THR,Tail,7223.66568565,polar
46,TRP,GL,4597.29144726,nonpolar
47,TRP,Head,7546.91851435,nonpolar
48,TRP,Tail,9453.04774152,nonpolar
49,TYR,GL,3899.846024,polar
50,TYR,Head,6243.17509426,polar
51,TYR,Tail,7260.31923775,polar
52,VAL,GL,2189.94113605,nonpolar
53,VAL,Head,3885.48529639,nonpolar
54,VAL,Tail,6658.30798275,nonpolar
