Polarity,Head,GL,Tail
acidic polar,8957.08665317,2281.56255232,2403.26890692
basic polar,15414.6634088,6117.67478406,6389.91324725
nonpolar,3860.21061061,1923.87820325,5676.35596464
polar,6913.50476654,2834.42050418,7421.61498454
